"Food Scarcity, Household Pulse Survey","","","","","","",""
"Adults in households where there was either sometimes or often not enough to eat in the last 7 days","","","","","","",""
"","","Total Food Scarcity","","Percent Food Scarcity","","",""
"Area","Week","Number","Margin of Error +/-","Percent","Percent Margin of Error +/-","Measure Universe","Total Population age 18+"
" -> States","","--","--","--","--","--","--"
"Alabama","52 - December 9-19, 2022","433,558","99,313","13.0","3.0","3,347,030","3,834,458"
"Alaska","52 - December 9-19, 2022","34,863","11,058","7.3","2.3","475,798","531,333"
"Arizona","52 - December 9-19, 2022","659,574","158,002","13.0","3.0","5,054,891","5,637,881"
"Arkansas","52 - December 9-19, 2022","259,659","57,775","12.9","2.8","2,020,555","2,271,244"
"California","52 - December 9-19, 2022","2,752,576","463,796","10.3","1.7","26,699,341","29,638,176"
"Colorado","52 - December 9-19, 2022","355,362","89,988","8.6","2.1","4,150,471","4,512,373"
"Connecticut","52 - December 9-19, 2022","199,997","51,135","8.1","2.1","2,483,505","2,788,488"
"Delaware","52 - December 9-19, 2022","82,341","30,222","11.8","4.3","697,182","785,346"
"District of Columbia","52 - December 9-19, 2022","53,639","16,581","12.2","3.7","440,971","490,791"
"Florida","52 - December 9-19, 2022","1,781,511","327,207","11.7","2.1","15,269,902","17,352,741"
"Georgia","52 - December 9-19, 2022","1,094,637","188,816","15.2","2.5","7,209,157","8,132,374"
"Hawaii","52 - December 9-19, 2022","98,882","35,237","9.7","3.4","1,020,831","1,094,635"
"Idaho","52 - December 9-19, 2022","140,625","39,651","10.6","3.0","1,329,851","1,455,895"
"Illinois","52 - December 9-19, 2022","908,555","194,186","10.9","2.3","8,342,019","9,551,120"
"Indiana","52 - December 9-19, 2022","615,333","106,380","13.4","2.2","4,590,170","5,083,179"
"Iowa","52 - December 9-19, 2022","260,604","44,304","12.1","1.9","2,145,665","2,383,520"
"Kansas","52 - December 9-19, 2022","187,091","40,710","9.5","2.1","1,979,011","2,170,473"
"Kentucky","52 - December 9-19, 2022","507,679","73,497","16.3","2.4","3,106,379","3,391,961"
"Louisiana","52 - December 9-19, 2022","414,668","76,850","14.4","2.6","2,874,717","3,424,716"
"Maine","52 - December 9-19, 2022","79,780","27,100","7.7","2.6","1,039,332","1,101,707"
"Maryland","52 - December 9-19, 2022","374,054","79,977","8.8","1.8","4,246,020","4,683,783"
"Massachusetts","52 - December 9-19, 2022","355,204","82,520","7.2","1.7","4,913,729","5,379,211"
"Michigan","52 - December 9-19, 2022","800,985","124,514","11.7","1.8","6,852,067","7,718,744"
"Minnesota","52 - December 9-19, 2022","301,158","73,221","7.7","1.8","3,899,301","4,292,622"
"Mississippi","52 - December 9-19, 2022","379,795","71,068","19.8","3.6","1,923,012","2,182,393"
"Missouri","52 - December 9-19, 2022","482,128","100,056","11.6","2.3","4,148,746","4,663,878"
"Montana","52 - December 9-19, 2022","108,220","22,406","13.3","2.7","812,147","864,638"
"Nebraska","52 - December 9-19, 2022","138,643","31,149","10.6","2.4","1,311,765","1,444,043"
"Nevada","52 - December 9-19, 2022","301,197","86,816","13.7","3.9","2,205,201","2,449,239"
"New Hampshire","52 - December 9-19, 2022","90,832","20,839","9.0","2.1","1,003,743","1,110,006"
"New Jersey","52 - December 9-19, 2022","681,542","138,567","10.8","2.2","6,327,128","7,091,865"
"New Mexico","52 - December 9-19, 2022","162,330","41,354","11.1","2.8","1,457,968","1,614,032"
"New York","52 - December 9-19, 2022","1,369,633","277,638","10.6","2.1","12,886,991","14,996,492"
"North Carolina","52 - December 9-19, 2022","733,493","150,768","10.2","2.1","7,162,501","8,113,018"
"North Dakota","52 - December 9-19, 2022","53,256","16,011","10.4","3.1","509,751","565,257"
"Ohio","52 - December 9-19, 2022","981,205","197,516","12.1","2.4","8,123,507","8,912,298"
"Oklahoma","52 - December 9-19, 2022","342,705","77,894","12.8","2.9","2,676,883","2,959,577"
"Oregon","52 - December 9-19, 2022","266,516","57,781","8.7","1.8","3,054,589","3,326,922"
"Pennsylvania","52 - December 9-19, 2022","907,966","180,307","10.4","2.0","8,723,300","9,920,164"
"Rhode Island","52 - December 9-19, 2022","46,590","19,567","6.1","2.6","758,706","850,220"
"South Carolina","52 - December 9-19, 2022","476,890","92,465","13.4","2.7","3,548,888","4,024,826"
"South Dakota","52 - December 9-19, 2022","56,733","15,900","9.5","2.7","596,103","656,870"
"Tennessee","52 - December 9-19, 2022","596,537","102,935","12.4","2.1","4,807,909","5,358,697"
"Texas","52 - December 9-19, 2022","2,987,601","550,548","15.3","2.8","19,481,665","21,876,805"
"Utah","52 - December 9-19, 2022","240,270","57,257","10.7","2.5","2,236,865","2,411,013"
"Vermont","52 - December 9-19, 2022","36,898","14,403","7.8","3.0","470,758","508,959"
"Virginia","52 - December 9-19, 2022","545,414","135,915","9.3","2.3","5,891,490","6,566,286"
"Washington","52 - December 9-19, 2022","522,010","103,111","9.4","1.8","5,554,456","5,971,227"
"West Virginia","52 - December 9-19, 2022","181,336","45,018","14.0","3.5","1,299,251","1,382,693"
"Wisconsin","52 - December 9-19, 2022","274,316","60,588","6.6","1.4","4,168,366","4,514,873"
"Wyoming","52 - December 9-19, 2022","31,947","9,161","7.8","2.2","407,052","437,949"
"Alabama","51 - November 2-14, 2022","472,564","116,426","14.2","3.3","3,320,086","3,834,458"
"Alaska","51 - November 2-14, 2022","47,714","14,934","9.5","3.0","500,750","531,333"
"Arizona","51 - November 2-14, 2022","455,903","122,435","9.0","2.3","5,076,425","5,637,881"
"Arkansas","51 - November 2-14, 2022","314,650","75,922","15.6","3.8","2,013,274","2,271,244"
"California","51 - November 2-14, 2022","2,800,343","444,208","10.7","1.7","26,056,637","29,638,176"
"Colorado","51 - November 2-14, 2022","382,547","104,524","9.0","2.4","4,240,251","4,512,373"
"Connecticut","51 - November 2-14, 2022","322,181","79,177","12.7","3.1","2,529,800","2,788,488"
"Delaware","51 - November 2-14, 2022","57,730","19,343","8.4","2.8","687,618","785,346"
"District of Columbia","51 - November 2-14, 2022","36,115","14,462","8.1","3.3","446,334","490,791"
"Florida","51 - November 2-14, 2022","1,974,661","391,874","12.8","2.5","15,486,604","17,352,741"
"Georgia","51 - November 2-14, 2022","835,430","159,761","11.7","2.2","7,155,325","8,132,374"
"Hawaii","51 - November 2-14, 2022","68,132","19,362","6.8","1.9","1,008,537","1,094,635"
"Idaho","51 - November 2-14, 2022","137,045","35,523","10.1","2.6","1,351,691","1,455,895"
"Illinois","51 - November 2-14, 2022","952,040","220,336","11.2","2.6","8,530,714","9,551,120"
"Indiana","51 - November 2-14, 2022","517,823","106,046","11.3","2.3","4,595,971","5,083,179"
"Iowa","51 - November 2-14, 2022","209,139","42,385","9.9","2.0","2,108,702","2,383,520"
"Kansas","51 - November 2-14, 2022","294,111","47,760","14.7","2.4","2,001,359","2,170,473"
"Kentucky","51 - November 2-14, 2022","458,666","99,012","15.2","3.2","3,025,063","3,391,961"
"Louisiana","51 - November 2-14, 2022","440,853","106,280","14.5","3.4","3,043,158","3,424,716"
"Maine","51 - November 2-14, 2022","61,628","19,091","6.1","1.9","1,017,396","1,101,707"
"Maryland","51 - November 2-14, 2022","313,524","99,667","7.5","2.4","4,171,950","4,683,783"
"Massachusetts","51 - November 2-14, 2022","329,382","83,866","6.9","1.7","4,792,543","5,379,211"
"Michigan","51 - November 2-14, 2022","669,296","102,367","10.0","1.6","6,717,370","7,718,744"
"Minnesota","51 - November 2-14, 2022","248,355","83,196","6.2","2.1","4,001,030","4,292,622"
"Mississippi","51 - November 2-14, 2022","381,997","100,797","19.7","5.0","1,943,288","2,182,393"
"Missouri","51 - November 2-14, 2022","363,186","109,160","8.9","2.6","4,092,527","4,663,878"
"Montana","51 - November 2-14, 2022","100,102","23,129","12.3","2.8","811,633","864,638"
"Nebraska","51 - November 2-14, 2022","130,124","27,724","10.1","2.1","1,283,623","1,444,043"
"Nevada","51 - November 2-14, 2022","255,141","77,739","11.9","3.5","2,151,981","2,449,239"
"New Hampshire","51 - November 2-14, 2022","52,709","16,182","5.1","1.6","1,024,176","1,110,006"
"New Jersey","51 - November 2-14, 2022","666,707","170,519","10.8","2.7","6,180,019","7,091,865"
"New Mexico","51 - November 2-14, 2022","221,827","65,093","15.0","4.4","1,476,433","1,614,032"
"New York","51 - November 2-14, 2022","1,405,756","292,828","10.8","2.2","12,989,910","14,996,492"
"North Carolina","51 - November 2-14, 2022","796,090","193,197","11.1","2.7","7,175,121","8,113,018"
"North Dakota","51 - November 2-14, 2022","54,275","14,490","10.6","2.8","513,047","565,257"
"Ohio","51 - November 2-14, 2022","1,159,531","276,607","14.4","3.3","8,050,725","8,912,298"
"Oklahoma","51 - November 2-14, 2022","407,166","75,804","14.8","2.7","2,750,258","2,959,577"
"Oregon","51 - November 2-14, 2022","273,324","57,482","8.9","1.8","3,082,151","3,326,922"
"Pennsylvania","51 - November 2-14, 2022","962,408","246,702","10.7","2.7","8,952,756","9,920,164"
"Rhode Island","51 - November 2-14, 2022","67,910","26,162","8.7","3.3","778,288","850,220"
"South Carolina","51 - November 2-14, 2022","354,600","104,120","10.1","3.0","3,519,616","4,024,826"
"South Dakota","51 - November 2-14, 2022","46,766","13,593","7.6","2.2","615,910","656,870"
"Tennessee","51 - November 2-14, 2022","608,399","123,129","12.8","2.6","4,758,835","5,358,697"
"Texas","51 - November 2-14, 2022","2,333,387","487,308","12.3","2.5","18,935,736","21,876,805"
"Utah","51 - November 2-14, 2022","216,511","44,922","9.7","2.0","2,230,504","2,411,013"
"Vermont","51 - November 2-14, 2022","30,182","14,375","6.3","3.0","482,093","508,959"
"Virginia","51 - November 2-14, 2022","497,178","122,872","8.3","2.1","5,996,243","6,566,286"
"Washington","51 - November 2-14, 2022","412,389","75,504","7.5","1.3","5,503,059","5,971,227"
"West Virginia","51 - November 2-14, 2022","165,247","47,697","13.1","3.7","1,259,255","1,382,693"
"Wisconsin","51 - November 2-14, 2022","401,538","88,713","9.9","2.2","4,038,743","4,514,873"
"Wyoming","51 - November 2-14, 2022","49,608","14,569","12.3","3.6","403,508","437,949"
"Alabama","50 - October 5-17, 2022","263,828","75,913","7.9","2.3","3,324,169","3,834,458"
"Alaska","50 - October 5-17, 2022","44,623","14,034","8.9","2.8","500,126","531,333"
"Arizona","50 - October 5-17, 2022","655,697","164,892","12.9","3.2","5,088,431","5,637,881"
"Arkansas","50 - October 5-17, 2022","237,988","53,289","11.5","2.6","2,067,018","2,271,244"
"California","50 - October 5-17, 2022","3,530,847","560,935","13.5","2.1","26,071,521","29,638,176"
"Colorado","50 - October 5-17, 2022","304,830","104,512","7.4","2.5","4,127,048","4,512,373"
"Connecticut","50 - October 5-17, 2022","213,315","67,141","8.6","2.7","2,491,512","2,788,488"
"Delaware","50 - October 5-17, 2022","65,379","21,801","8.9","2.9","734,920","785,346"
"District of Columbia","50 - October 5-17, 2022","46,497","21,773","10.1","4.8","461,596","490,791"
"Florida","50 - October 5-17, 2022","1,698,159","330,723","11.0","2.2","15,455,036","17,352,741"
"Georgia","50 - October 5-17, 2022","488,068","153,823","6.9","2.1","7,105,097","8,132,374"
"Hawaii","50 - October 5-17, 2022","123,624","39,724","12.3","3.9","1,006,787","1,094,635"
"Idaho","50 - October 5-17, 2022","140,856","32,103","10.5","2.4","1,335,610","1,455,895"
"Illinois","50 - October 5-17, 2022","1,055,683","273,983","11.8","3.0","8,944,495","9,551,120"
"Indiana","50 - October 5-17, 2022","573,690","130,500","12.6","2.8","4,563,104","5,083,179"
"Iowa","50 - October 5-17, 2022","332,743","50,643","16.2","2.3","2,059,477","2,383,520"
"Kansas","50 - October 5-17, 2022","242,669","54,126","12.4","2.7","1,955,983","2,170,473"
"Kentucky","50 - October 5-17, 2022","329,090","108,967","10.5","3.5","3,137,864","3,391,961"
"Louisiana","50 - October 5-17, 2022","471,062","126,925","16.0","4.1","2,946,880","3,424,716"
"Maine","50 - October 5-17, 2022","65,879","28,610","6.6","2.8","1,001,406","1,101,707"
"Maryland","50 - October 5-17, 2022","449,507","111,269","10.9","2.6","4,136,091","4,683,783"
"Massachusetts","50 - October 5-17, 2022","462,397","159,375","10.0","3.3","4,630,830","5,379,211"
"Michigan","50 - October 5-17, 2022","867,240","232,204","12.5","3.3","6,944,508","7,718,744"
"Minnesota","50 - October 5-17, 2022","287,378","97,106","7.2","2.4","4,003,346","4,292,622"
"Mississippi","50 - October 5-17, 2022","347,810","108,910","19.4","5.8","1,791,382","2,182,393"
"Missouri","50 - October 5-17, 2022","515,825","132,573","12.7","3.1","4,066,076","4,663,878"
"Montana","50 - October 5-17, 2022","88,133","31,874","11.3","4.0","778,813","864,638"
"Nebraska","50 - October 5-17, 2022","115,683","29,978","9.2","2.3","1,256,899","1,444,043"
"Nevada","50 - October 5-17, 2022","371,615","72,931","16.7","3.2","2,219,999","2,449,239"
"New Hampshire","50 - October 5-17, 2022","85,659","29,839","8.6","3.0","990,295","1,110,006"
"New Jersey","50 - October 5-17, 2022","942,604","233,042","15.3","3.7","6,143,639","7,091,865"
"New Mexico","50 - October 5-17, 2022","188,985","53,810","13.6","3.8","1,385,835","1,614,032"
"New York","50 - October 5-17, 2022","1,576,641","382,276","12.1","2.9","13,038,990","14,996,492"
"North Carolina","50 - October 5-17, 2022","768,393","251,379","10.5","3.4","7,326,035","8,113,018"
"North Dakota","50 - October 5-17, 2022","31,748","11,428","6.3","2.3","500,516","565,257"
"Ohio","50 - October 5-17, 2022","687,159","194,461","8.7","2.5","7,859,103","8,912,298"
"Oklahoma","50 - October 5-17, 2022","356,908","92,951","13.5","3.5","2,642,582","2,959,577"
"Oregon","50 - October 5-17, 2022","255,769","71,937","8.4","2.3","3,052,419","3,326,922"
"Pennsylvania","50 - October 5-17, 2022","907,960","234,068","10.1","2.6","9,001,337","9,920,164"
"Rhode Island","50 - October 5-17, 2022","61,427","28,393","7.9","3.6","772,748","850,220"
"South Carolina","50 - October 5-17, 2022","338,532","98,484","9.3","2.7","3,638,578","4,024,826"
"South Dakota","50 - October 5-17, 2022","42,465","14,782","7.0","2.5","609,342","656,870"
"Tennessee","50 - October 5-17, 2022","490,717","129,286","10.3","2.7","4,761,466","5,358,697"
"Texas","50 - October 5-17, 2022","2,740,913","491,500","14.4","2.5","18,988,275","21,876,805"
"Utah","50 - October 5-17, 2022","209,506","52,703","9.7","2.4","2,163,974","2,411,013"
"Vermont","50 - October 5-17, 2022","21,667","13,916","4.8","3.1","447,558","508,959"
"Virginia","50 - October 5-17, 2022","434,196","129,988","7.4","2.2","5,891,468","6,566,286"
"Washington","50 - October 5-17, 2022","649,580","135,006","11.6","2.4","5,607,382","5,971,227"
"West Virginia","50 - October 5-17, 2022","99,529","38,228","7.9","3.0","1,257,150","1,382,693"
"Wisconsin","50 - October 5-17, 2022","406,129","117,330","9.7","2.7","4,173,270","4,514,873"
"Wyoming","50 - October 5-17, 2022","47,665","19,410","11.9","4.8","399,506","437,949"
"Alabama","49 - September 14-26, 2022","491,253","145,359","14.1","4.1","3,481,272","3,834,458"
"Alaska","49 - September 14-26, 2022","32,632","10,293","6.8","2.2","478,747","531,333"
"Arizona","49 - September 14-26, 2022","804,280","172,720","15.9","3.3","5,060,489","5,637,881"
"Arkansas","49 - September 14-26, 2022","314,662","83,620","15.4","4.1","2,041,506","2,271,244"
"California","49 - September 14-26, 2022","2,962,396","602,087","11.4","2.3","25,877,714","29,638,176"
"Colorado","49 - September 14-26, 2022","488,469","117,944","11.9","2.8","4,117,621","4,512,373"
"Connecticut","49 - September 14-26, 2022","216,526","58,551","8.8","2.4","2,447,860","2,788,488"
"Delaware","49 - September 14-26, 2022","49,794","20,092","7.2","2.9","690,135","785,346"
"District of Columbia","49 - September 14-26, 2022","31,477","11,627","7.1","2.6","440,597","490,791"
"Florida","49 - September 14-26, 2022","1,476,267","380,208","9.5","2.4","15,576,969","17,352,741"
"Georgia","49 - September 14-26, 2022","973,081","203,254","13.6","2.9","7,144,685","8,132,374"
"Hawaii","49 - September 14-26, 2022","95,664","33,138","9.5","3.3","1,006,729","1,094,635"
"Idaho","49 - September 14-26, 2022","126,314","32,433","9.4","2.4","1,337,689","1,455,895"
"Illinois","49 - September 14-26, 2022","988,158","273,589","11.8","3.1","8,357,993","9,551,120"
"Indiana","49 - September 14-26, 2022","414,216","109,502","9.0","2.4","4,577,545","5,083,179"
"Iowa","49 - September 14-26, 2022","234,064","59,203","10.7","2.7","2,181,742","2,383,520"
"Kansas","49 - September 14-26, 2022","201,652","51,544","10.2","2.6","1,967,936","2,170,473"
"Kentucky","49 - September 14-26, 2022","317,716","77,497","10.6","2.6","2,995,852","3,391,961"
"Louisiana","49 - September 14-26, 2022","580,332","128,778","19.9","4.1","2,918,302","3,424,716"
"Maine","49 - September 14-26, 2022","96,963","30,392","9.4","3.0","1,030,815","1,101,707"
"Maryland","49 - September 14-26, 2022","560,018","185,430","13.0","4.2","4,311,109","4,683,783"
"Massachusetts","49 - September 14-26, 2022","332,052","88,462","7.1","1.8","4,690,940","5,379,211"
"Michigan","49 - September 14-26, 2022","732,622","179,977","10.4","2.5","7,044,097","7,718,744"
"Minnesota","49 - September 14-26, 2022","344,929","94,529","8.7","2.4","3,950,385","4,292,622"
"Mississippi","49 - September 14-26, 2022","336,193","91,969","18.5","5.2","1,818,195","2,182,393"
"Missouri","49 - September 14-26, 2022","568,968","108,149","13.8","2.6","4,135,551","4,663,878"
"Montana","49 - September 14-26, 2022","70,114","25,652","9.0","3.2","782,934","864,638"
"Nebraska","49 - September 14-26, 2022","148,009","35,188","11.5","2.7","1,283,285","1,444,043"
"Nevada","49 - September 14-26, 2022","266,675","99,756","11.8","4.4","2,263,032","2,449,239"
"New Hampshire","49 - September 14-26, 2022","68,609","20,621","7.0","2.0","983,435","1,110,006"
"New Jersey","49 - September 14-26, 2022","581,482","214,923","9.6","3.4","6,069,026","7,091,865"
"New Mexico","49 - September 14-26, 2022","204,897","56,555","14.1","3.8","1,456,513","1,614,032"
"New York","49 - September 14-26, 2022","1,733,307","402,859","13.1","2.9","13,246,276","14,996,492"
"North Carolina","49 - September 14-26, 2022","822,312","220,036","12.0","3.1","6,825,136","8,113,018"
"North Dakota","49 - September 14-26, 2022","68,027","13,976","13.1","2.7","517,806","565,257"
"Ohio","49 - September 14-26, 2022","844,482","272,192","10.3","3.3","8,194,714","8,912,298"
"Oklahoma","49 - September 14-26, 2022","322,371","81,080","12.1","3.0","2,657,750","2,959,577"
"Oregon","49 - September 14-26, 2022","349,900","68,159","11.3","2.2","3,098,103","3,326,922"
"Pennsylvania","49 - September 14-26, 2022","844,904","192,272","9.6","2.1","8,808,443","9,920,164"
"Rhode Island","49 - September 14-26, 2022","79,089","30,129","10.5","4.0","755,510","850,220"
"South Carolina","49 - September 14-26, 2022","486,843","97,206","13.9","2.7","3,510,654","4,024,826"
"South Dakota","49 - September 14-26, 2022","80,590","18,012","13.7","2.8","589,782","656,870"
"Tennessee","49 - September 14-26, 2022","645,822","140,186","13.7","3.0","4,707,078","5,358,697"
"Texas","49 - September 14-26, 2022","2,683,234","400,474","14.2","2.1","18,917,904","21,876,805"
"Utah","49 - September 14-26, 2022","205,429","51,659","9.1","2.3","2,258,635","2,411,013"
"Vermont","49 - September 14-26, 2022","20,705","8,062","4.3","1.7","482,876","508,959"
"Virginia","49 - September 14-26, 2022","497,582","126,983","8.8","2.3","5,683,607","6,566,286"
"Washington","49 - September 14-26, 2022","498,311","93,181","9.1","1.7","5,481,417","5,971,227"
"West Virginia","49 - September 14-26, 2022","141,836","41,936","11.3","3.3","1,256,626","1,382,693"
"Wisconsin","49 - September 14-26, 2022","375,300","106,563","9.1","2.6","4,138,315","4,514,873"
"Wyoming","49 - September 14-26, 2022","52,886","14,911","13.1","3.7","403,296","437,949"
"Alabama","48 - July 27 - August 8, 2022","467,862","100,463","14.4","3.2","3,248,556","3,834,458"
"Alaska","48 - July 27 - August 8, 2022","52,094","13,964","10.9","2.8","477,335","531,333"
"Arizona","48 - July 27 - August 8, 2022","603,015","150,716","12.5","3.0","4,817,673","5,637,881"
"Arkansas","48 - July 27 - August 8, 2022","319,547","64,454","16.6","3.3","1,923,791","2,271,244"
"California","48 - July 27 - August 8, 2022","2,578,334","556,499","10.6","2.2","24,386,468","29,638,176"
"Colorado","48 - July 27 - August 8, 2022","355,261","85,821","9.0","2.2","3,952,477","4,512,373"
"Connecticut","48 - July 27 - August 8, 2022","240,937","66,681","10.4","2.8","2,322,851","2,788,488"
"Delaware","48 - July 27 - August 8, 2022","50,363","22,473","7.2","3.2","696,698","785,346"
"District of Columbia","48 - July 27 - August 8, 2022","36,832","15,532","8.6","3.6","426,379","490,791"
"Florida","48 - July 27 - August 8, 2022","2,294,449","385,995","15.5","2.5","14,778,659","17,352,741"
"Georgia","48 - July 27 - August 8, 2022","773,586","160,439","11.0","2.3","7,021,911","8,132,374"
"Hawaii","48 - July 27 - August 8, 2022","130,409","42,917","13.8","4.3","948,080","1,094,635"
"Idaho","48 - July 27 - August 8, 2022","168,263","43,383","12.9","3.2","1,309,333","1,455,895"
"Illinois","48 - July 27 - August 8, 2022","842,001","207,718","10.5","2.5","8,008,552","9,551,120"
"Indiana","48 - July 27 - August 8, 2022","656,781","136,130","15.1","3.1","4,349,235","5,083,179"
"Iowa","48 - July 27 - August 8, 2022","273,267","70,311","13.1","3.4","2,078,182","2,383,520"
"Kansas","48 - July 27 - August 8, 2022","138,922","36,962","7.6","2.0","1,839,528","2,170,473"
"Kentucky","48 - July 27 - August 8, 2022","295,088","96,035","10.3","3.3","2,860,735","3,391,961"
"Louisiana","48 - July 27 - August 8, 2022","381,079","99,065","13.3","3.5","2,862,177","3,424,716"
"Maine","48 - July 27 - August 8, 2022","90,789","42,755","9.5","4.3","957,789","1,101,707"
"Maryland","48 - July 27 - August 8, 2022","382,611","121,041","9.7","3.0","3,952,094","4,683,783"
"Massachusetts","48 - July 27 - August 8, 2022","439,116","118,915","9.5","2.5","4,598,418","5,379,211"
"Michigan","48 - July 27 - August 8, 2022","801,991","184,194","12.1","2.8","6,611,292","7,718,744"
"Minnesota","48 - July 27 - August 8, 2022","298,672","85,618","7.9","2.3","3,758,704","4,292,622"
"Mississippi","48 - July 27 - August 8, 2022","274,716","62,782","15.5","3.3","1,774,347","2,182,393"
"Missouri","48 - July 27 - August 8, 2022","402,807","122,685","10.0","3.0","4,040,505","4,663,878"
"Montana","48 - July 27 - August 8, 2022","121,406","49,188","15.1","6.0","801,804","864,638"
"Nebraska","48 - July 27 - August 8, 2022","116,082","33,700","9.2","2.7","1,256,759","1,444,043"
"Nevada","48 - July 27 - August 8, 2022","212,799","58,001","10.0","2.7","2,136,839","2,449,239"
"New Hampshire","48 - July 27 - August 8, 2022","79,091","24,079","8.1","2.4","977,615","1,110,006"
"New Jersey","48 - July 27 - August 8, 2022","653,474","182,879","11.6","3.2","5,616,577","7,091,865"
"New Mexico","48 - July 27 - August 8, 2022","154,013","39,879","10.9","2.8","1,418,971","1,614,032"
"New York","48 - July 27 - August 8, 2022","1,151,405","399,488","9.5","3.2","12,114,839","14,996,492"
"North Carolina","48 - July 27 - August 8, 2022","609,906","183,400","9.0","2.6","6,784,512","8,113,018"
"North Dakota","48 - July 27 - August 8, 2022","48,610","16,864","9.9","3.4","493,285","565,257"
"Ohio","48 - July 27 - August 8, 2022","761,863","244,621","10.1","3.2","7,554,644","8,912,298"
"Oklahoma","48 - July 27 - August 8, 2022","327,786","87,220","12.8","3.3","2,561,359","2,959,577"
"Oregon","48 - July 27 - August 8, 2022","210,899","53,363","7.3","1.8","2,889,984","3,326,922"
"Pennsylvania","48 - July 27 - August 8, 2022","1,106,986","266,867","13.3","3.2","8,330,530","9,920,164"
"Rhode Island","48 - July 27 - August 8, 2022","103,104","29,784","14.4","4.2","714,105","850,220"
"South Carolina","48 - July 27 - August 8, 2022","524,393","106,993","15.3","3.0","3,427,791","4,024,826"
"South Dakota","48 - July 27 - August 8, 2022","47,236","14,538","8.2","2.4","578,417","656,870"
"Tennessee","48 - July 27 - August 8, 2022","488,203","147,104","11.1","3.3","4,403,414","5,358,697"
"Texas","48 - July 27 - August 8, 2022","2,713,268","523,740","14.9","2.8","18,208,673","21,876,805"
"Utah","48 - July 27 - August 8, 2022","162,934","48,288","7.8","2.3","2,090,596","2,411,013"
"Vermont","48 - July 27 - August 8, 2022","44,273","23,361","9.6","5.0","460,187","508,959"
"Virginia","48 - July 27 - August 8, 2022","524,926","155,239","9.4","2.7","5,603,473","6,566,286"
"Washington","48 - July 27 - August 8, 2022","517,753","113,476","9.9","2.2","5,206,532","5,971,227"
"West Virginia","48 - July 27 - August 8, 2022","130,014","40,645","11.0","3.5","1,183,032","1,382,693"
"Wisconsin","48 - July 27 - August 8, 2022","325,152","117,908","8.2","3.0","3,952,545","4,514,873"
"Wyoming","48 - July 27 - August 8, 2022","44,739","15,386","11.4","4.0","393,035","437,949"
"Alabama","47 - June 29 - July 11, 2022","550,662","142,978","18.3","4.7","3,006,709","3,834,458"
"Alaska","47 - June 29 - July 11, 2022","34,251","11,548","7.4","2.5","464,369","531,333"
"Arizona","47 - June 29 - July 11, 2022","419,479","93,322","8.9","2.0","4,689,287","5,637,881"
"Arkansas","47 - June 29 - July 11, 2022","282,590","68,375","14.5","3.5","1,946,350","2,271,244"
"California","47 - June 29 - July 11, 2022","2,530,365","464,743","10.2","1.8","24,818,941","29,638,176"
"Colorado","47 - June 29 - July 11, 2022","419,103","92,241","10.5","2.3","3,976,459","4,512,373"
"Connecticut","47 - June 29 - July 11, 2022","260,915","65,894","11.0","2.8","2,374,103","2,788,488"
"Delaware","47 - June 29 - July 11, 2022","49,642","23,689","7.9","3.7","631,204","785,346"
"District of Columbia","47 - June 29 - July 11, 2022","55,425","14,701","12.9","3.3","429,707","490,791"
"Florida","47 - June 29 - July 11, 2022","2,129,765","420,254","14.7","2.9","14,441,502","17,352,741"
"Georgia","47 - June 29 - July 11, 2022","1,148,536","251,438","16.5","3.4","6,952,882","8,132,374"
"Hawaii","47 - June 29 - July 11, 2022","99,632","37,359","10.5","3.9","945,068","1,094,635"
"Idaho","47 - June 29 - July 11, 2022","137,765","40,769","10.8","3.1","1,274,982","1,455,895"
"Illinois","47 - June 29 - July 11, 2022","815,979","211,637","10.3","2.7","7,898,798","9,551,120"
"Indiana","47 - June 29 - July 11, 2022","531,532","106,285","12.7","2.5","4,171,035","5,083,179"
"Iowa","47 - June 29 - July 11, 2022","293,624","83,047","14.2","3.9","2,071,116","2,383,520"
"Kansas","47 - June 29 - July 11, 2022","158,437","42,288","8.5","2.2","1,874,632","2,170,473"
"Kentucky","47 - June 29 - July 11, 2022","438,183","118,819","15.9","4.1","2,753,113","3,391,961"
"Louisiana","47 - June 29 - July 11, 2022","527,789","133,369","19.0","4.6","2,779,160","3,424,716"
"Maine","47 - June 29 - July 11, 2022","75,391","27,272","7.8","2.9","969,730","1,101,707"
"Maryland","47 - June 29 - July 11, 2022","485,246","115,459","12.0","2.8","4,027,225","4,683,783"
"Massachusetts","47 - June 29 - July 11, 2022","391,178","103,412","8.6","2.3","4,538,525","5,379,211"
"Michigan","47 - June 29 - July 11, 2022","927,279","199,034","14.2","3.0","6,516,631","7,718,744"
"Minnesota","47 - June 29 - July 11, 2022","271,710","85,199","7.2","2.3","3,763,044","4,292,622"
"Mississippi","47 - June 29 - July 11, 2022","344,170","77,076","18.7","4.1","1,842,783","2,182,393"
"Missouri","47 - June 29 - July 11, 2022","417,060","104,471","10.7","2.6","3,885,374","4,663,878"
"Montana","47 - June 29 - July 11, 2022","115,510","26,376","15.3","3.3","756,072","864,638"
"Nebraska","47 - June 29 - July 11, 2022","152,434","37,770","12.2","3.0","1,252,999","1,444,043"
"Nevada","47 - June 29 - July 11, 2022","236,556","72,773","11.3","3.5","2,086,017","2,449,239"
"New Hampshire","47 - June 29 - July 11, 2022","72,076","29,166","7.4","2.9","970,520","1,110,006"
"New Jersey","47 - June 29 - July 11, 2022","825,386","191,201","14.1","3.3","5,838,581","7,091,865"
"New Mexico","47 - June 29 - July 11, 2022","181,888","42,968","12.8","3.0","1,418,257","1,614,032"
"New York","47 - June 29 - July 11, 2022","1,349,922","339,822","11.5","2.9","11,703,365","14,996,492"
"North Carolina","47 - June 29 - July 11, 2022","592,208","120,387","9.0","1.9","6,575,441","8,113,018"
"North Dakota","47 - June 29 - July 11, 2022","64,864","21,477","13.2","4.2","491,350","565,257"
"Ohio","47 - June 29 - July 11, 2022","922,284","248,008","11.8","3.2","7,783,994","8,912,298"
"Oklahoma","47 - June 29 - July 11, 2022","434,747","110,131","17.0","4.2","2,560,645","2,959,577"
"Oregon","47 - June 29 - July 11, 2022","341,079","62,447","11.4","2.1","2,981,104","3,326,922"
"Pennsylvania","47 - June 29 - July 11, 2022","896,338","173,669","11.0","2.1","8,160,972","9,920,164"
"Rhode Island","47 - June 29 - July 11, 2022","97,213","29,753","13.2","4.0","735,438","850,220"
"South Carolina","47 - June 29 - July 11, 2022","374,211","103,917","11.3","3.1","3,325,647","4,024,826"
"South Dakota","47 - June 29 - July 11, 2022","55,934","18,384","9.9","3.2","564,446","656,870"
"Tennessee","47 - June 29 - July 11, 2022","538,178","134,213","11.8","2.9","4,550,819","5,358,697"
"Texas","47 - June 29 - July 11, 2022","2,531,309","448,191","14.6","2.5","17,292,577","21,876,805"
"Utah","47 - June 29 - July 11, 2022","226,077","50,001","10.8","2.4","2,097,148","2,411,013"
"Vermont","47 - June 29 - July 11, 2022","26,157","9,501","5.8","2.1","447,457","508,959"
"Virginia","47 - June 29 - July 11, 2022","480,820","126,688","8.3","2.2","5,818,025","6,566,286"
"Washington","47 - June 29 - July 11, 2022","276,854","76,027","5.3","1.4","5,235,256","5,971,227"
"West Virginia","47 - June 29 - July 11, 2022","139,850","39,848","11.8","3.5","1,189,141","1,382,693"
"Wisconsin","47 - June 29 - July 11, 2022","248,601","71,479","6.7","1.9","3,736,265","4,514,873"
"Wyoming","47 - June 29 - July 11, 2022","44,065","15,374","11.3","3.9","388,640","437,949"
"Alabama","46 - June 1-13, 2022","530,870","129,092","16.9","3.8","3,143,886","3,834,458"
"Alaska","46 - June 1-13, 2022","46,457","13,685","9.7","2.9","477,072","531,333"
"Arizona","46 - June 1-13, 2022","508,771","111,988","10.8","2.3","4,713,602","5,637,881"
"Arkansas","46 - June 1-13, 2022","279,981","70,942","14.7","3.6","1,899,139","2,271,244"
"California","46 - June 1-13, 2022","3,211,373","461,315","12.6","1.7","25,488,806","29,638,176"
"Colorado","46 - June 1-13, 2022","294,730","60,015","7.4","1.5","3,994,111","4,512,373"
"Connecticut","46 - June 1-13, 2022","161,092","40,496","6.7","1.7","2,406,354","2,788,488"
"Delaware","46 - June 1-13, 2022","71,929","27,485","11.0","4.1","652,509","785,346"
"District of Columbia","46 - June 1-13, 2022","45,984","16,466","10.3","3.7","446,463","490,791"
"Florida","46 - June 1-13, 2022","1,587,907","265,717","10.9","1.7","14,612,986","17,352,741"
"Georgia","46 - June 1-13, 2022","930,871","203,158","13.1","2.9","7,085,406","8,132,374"
"Hawaii","46 - June 1-13, 2022","82,222","24,140","8.8","2.5","937,986","1,094,635"
"Idaho","46 - June 1-13, 2022","139,226","36,477","10.8","2.7","1,291,903","1,455,895"
"Illinois","46 - June 1-13, 2022","638,583","143,459","8.1","1.8","7,895,886","9,551,120"
"Indiana","46 - June 1-13, 2022","479,079","102,938","11.2","2.3","4,277,637","5,083,179"
"Iowa","46 - June 1-13, 2022","214,680","46,601","10.3","2.2","2,090,093","2,383,520"
"Kansas","46 - June 1-13, 2022","201,942","43,487","11.0","2.4","1,842,306","2,170,473"
"Kentucky","46 - June 1-13, 2022","438,949","91,368","15.5","3.2","2,828,759","3,391,961"
"Louisiana","46 - June 1-13, 2022","325,702","81,318","11.6","2.8","2,808,390","3,424,716"
"Maine","46 - June 1-13, 2022","75,997","29,949","7.6","2.9","1,001,975","1,101,707"
"Maryland","46 - June 1-13, 2022","436,753","114,870","11.1","2.8","3,932,736","4,683,783"
"Massachusetts","46 - June 1-13, 2022","411,924","83,731","9.4","1.9","4,373,088","5,379,211"
"Michigan","46 - June 1-13, 2022","645,559","151,495","9.9","2.4","6,553,370","7,718,744"
"Minnesota","46 - June 1-13, 2022","262,598","66,866","7.2","1.9","3,657,841","4,292,622"
"Mississippi","46 - June 1-13, 2022","320,962","81,156","17.7","4.3","1,814,182","2,182,393"
"Missouri","46 - June 1-13, 2022","440,057","101,832","11.1","2.6","3,957,814","4,663,878"
"Montana","46 - June 1-13, 2022","62,324","26,911","8.2","3.6","756,566","864,638"
"Nebraska","46 - June 1-13, 2022","146,128","62,360","11.7","5.0","1,244,170","1,444,043"
"Nevada","46 - June 1-13, 2022","223,971","53,502","11.0","2.5","2,031,868","2,449,239"
"New Hampshire","46 - June 1-13, 2022","72,912","22,430","7.3","2.2","993,242","1,110,006"
"New Jersey","46 - June 1-13, 2022","592,151","135,916","10.4","2.4","5,716,084","7,091,865"
"New Mexico","46 - June 1-13, 2022","211,545","42,766","15.3","3.0","1,381,706","1,614,032"
"New York","46 - June 1-13, 2022","1,298,712","291,111","10.7","2.3","12,148,721","14,996,492"
"North Carolina","46 - June 1-13, 2022","726,792","220,224","10.6","3.1","6,827,173","8,113,018"
"North Dakota","46 - June 1-13, 2022","41,075","13,920","8.5","2.8","481,929","565,257"
"Ohio","46 - June 1-13, 2022","937,413","255,499","11.9","3.2","7,862,331","8,912,298"
"Oklahoma","46 - June 1-13, 2022","282,403","63,142","10.9","2.4","2,593,817","2,959,577"
"Oregon","46 - June 1-13, 2022","227,590","54,036","7.6","1.8","2,981,170","3,326,922"
"Pennsylvania","46 - June 1-13, 2022","711,901","173,013","8.5","2.1","8,375,114","9,920,164"
"Rhode Island","46 - June 1-13, 2022","100,367","31,209","14.7","4.4","680,510","850,220"
"South Carolina","46 - June 1-13, 2022","526,890","138,322","15.2","3.8","3,468,619","4,024,826"
"South Dakota","46 - June 1-13, 2022","79,319","27,056","13.4","4.6","590,944","656,870"
"Tennessee","46 - June 1-13, 2022","678,364","163,104","14.6","3.5","4,635,176","5,358,697"
"Texas","46 - June 1-13, 2022","2,106,792","466,606","11.6","2.5","18,218,497","21,876,805"
"Utah","46 - June 1-13, 2022","158,892","42,122","7.7","2.0","2,057,479","2,411,013"
"Vermont","46 - June 1-13, 2022","40,316","13,890","8.7","3.0","463,301","508,959"
"Virginia","46 - June 1-13, 2022","546,084","149,401","9.7","2.6","5,609,861","6,566,286"
"Washington","46 - June 1-13, 2022","480,216","99,647","9.0","1.9","5,321,877","5,971,227"
"West Virginia","46 - June 1-13, 2022","252,487","48,935","21.3","3.8","1,183,960","1,382,693"
"Wisconsin","46 - June 1-13, 2022","337,642","94,196","8.7","2.4","3,873,562","4,514,873"
"Wyoming","46 - June 1-13, 2022","43,022","16,855","11.4","4.3","378,888","437,949"
"Alabama","45 - April 27 - May 9, 2022","462,141","134,140","14.8","3.9","3,123,250","3,834,458"
"Alaska","45 - April 27 - May 9, 2022","48,504","11,133","10.2","2.4","476,656","531,333"
"Arizona","45 - April 27 - May 9, 2022","638,969","139,251","13.0","2.8","4,931,241","5,637,881"
"Arkansas","45 - April 27 - May 9, 2022","240,546","49,577","12.8","2.6","1,886,212","2,271,244"
"California","45 - April 27 - May 9, 2022","2,786,079","531,704","11.2","2.1","24,877,979","29,638,176"
"Colorado","45 - April 27 - May 9, 2022","352,767","87,899","9.0","2.2","3,924,252","4,512,373"
"Connecticut","45 - April 27 - May 9, 2022","375,070","81,080","15.7","3.3","2,393,176","2,788,488"
"Delaware","45 - April 27 - May 9, 2022","83,028","21,637","12.1","3.2","687,007","785,346"
"District of Columbia","45 - April 27 - May 9, 2022","64,028","14,678","14.7","3.3","436,396","490,791"
"Florida","45 - April 27 - May 9, 2022","1,810,049","323,102","12.5","2.2","14,504,633","17,352,741"
"Georgia","45 - April 27 - May 9, 2022","893,842","203,058","13.2","2.9","6,796,743","8,132,374"
"Hawaii","45 - April 27 - May 9, 2022","76,159","25,606","8.1","2.8","938,673","1,094,635"
"Idaho","45 - April 27 - May 9, 2022","166,547","43,527","13.1","3.3","1,275,206","1,455,895"
"Illinois","45 - April 27 - May 9, 2022","966,848","254,273","11.9","3.0","8,136,550","9,551,120"
"Indiana","45 - April 27 - May 9, 2022","288,628","73,448","7.0","1.8","4,132,122","5,083,179"
"Iowa","45 - April 27 - May 9, 2022","239,917","61,085","11.7","3.0","2,054,703","2,383,520"
"Kansas","45 - April 27 - May 9, 2022","153,235","43,414","8.1","2.3","1,897,210","2,170,473"
"Kentucky","45 - April 27 - May 9, 2022","450,489","125,869","15.4","4.2","2,928,754","3,391,961"
"Louisiana","45 - April 27 - May 9, 2022","360,617","108,334","13.6","3.7","2,658,640","3,424,716"
"Maine","45 - April 27 - May 9, 2022","70,112","36,197","7.0","3.7","999,470","1,101,707"
"Maryland","45 - April 27 - May 9, 2022","507,371","99,156","12.7","2.4","4,006,995","4,683,783"
"Massachusetts","45 - April 27 - May 9, 2022","401,585","79,121","8.9","1.7","4,508,900","5,379,211"
"Michigan","45 - April 27 - May 9, 2022","658,063","154,614","10.1","2.3","6,534,723","7,718,744"
"Minnesota","45 - April 27 - May 9, 2022","356,900","83,829","9.5","2.2","3,772,386","4,292,622"
"Mississippi","45 - April 27 - May 9, 2022","327,115","98,200","17.6","5.2","1,863,248","2,182,393"
"Missouri","45 - April 27 - May 9, 2022","516,531","110,520","13.0","2.7","3,973,483","4,663,878"
"Montana","45 - April 27 - May 9, 2022","66,020","19,392","8.4","2.5","785,933","864,638"
"Nebraska","45 - April 27 - May 9, 2022","129,022","28,112","10.2","2.2","1,260,082","1,444,043"
"Nevada","45 - April 27 - May 9, 2022","186,221","56,556","8.9","2.6","2,081,880","2,449,239"
"New Hampshire","45 - April 27 - May 9, 2022","73,629","20,309","7.3","2.0","1,004,922","1,110,006"
"New Jersey","45 - April 27 - May 9, 2022","644,019","155,042","10.7","2.6","6,015,786","7,091,865"
"New Mexico","45 - April 27 - May 9, 2022","173,774","41,229","12.9","2.9","1,346,719","1,614,032"
"New York","45 - April 27 - May 9, 2022","1,486,050","348,847","11.8","2.7","12,571,655","14,996,492"
"North Carolina","45 - April 27 - May 9, 2022","739,629","237,576","11.3","3.5","6,563,356","8,113,018"
"North Dakota","45 - April 27 - May 9, 2022","51,862","16,620","10.7","3.4","484,286","565,257"
"Ohio","45 - April 27 - May 9, 2022","697,419","184,470","9.2","2.4","7,544,169","8,912,298"
"Oklahoma","45 - April 27 - May 9, 2022","370,557","71,851","14.9","3.0","2,482,681","2,959,577"
"Oregon","45 - April 27 - May 9, 2022","232,197","59,088","7.9","2.0","2,924,899","3,326,922"
"Pennsylvania","45 - April 27 - May 9, 2022","799,216","184,454","10.1","2.2","7,950,493","9,920,164"
"Rhode Island","45 - April 27 - May 9, 2022","52,080","21,409","7.6","3.1","681,114","850,220"
"South Carolina","45 - April 27 - May 9, 2022","424,685","173,757","12.5","5.0","3,407,237","4,024,826"
"South Dakota","45 - April 27 - May 9, 2022","38,908","14,027","6.7","2.4","581,577","656,870"
"Tennessee","45 - April 27 - May 9, 2022","516,136","111,711","11.3","2.4","4,561,319","5,358,697"
"Texas","45 - April 27 - May 9, 2022","2,543,806","542,213","13.8","2.9","18,373,241","21,876,805"
"Utah","45 - April 27 - May 9, 2022","106,480","31,606","5.1","1.5","2,099,748","2,411,013"
"Vermont","45 - April 27 - May 9, 2022","29,403","8,657","6.6","1.9","445,495","508,959"
"Virginia","45 - April 27 - May 9, 2022","407,753","111,189","7.2","2.0","5,671,431","6,566,286"
"Washington","45 - April 27 - May 9, 2022","367,326","81,069","7.3","1.6","5,059,649","5,971,227"
"West Virginia","45 - April 27 - May 9, 2022","95,381","31,633","8.8","2.8","1,083,432","1,382,693"
"Wisconsin","45 - April 27 - May 9, 2022","356,925","114,983","9.1","2.9","3,910,244","4,514,873"
"Wyoming","45 - April 27 - May 9, 2022","41,391","16,311","10.5","4.1","395,924","437,949"
"Alabama","44 - March 30 - April 11, 2022","470,307","132,370","14.5","3.9","3,246,437","3,834,458"
"Alaska","44 - March 30 - April 11, 2022","41,811","9,432","8.9","2.0","471,246","531,333"
"Arizona","44 - March 30 - April 11, 2022","588,088","117,905","12.1","2.3","4,871,439","5,637,881"
"Arkansas","44 - March 30 - April 11, 2022","211,390","53,832","11.2","2.9","1,883,014","2,271,244"
"California","44 - March 30 - April 11, 2022","2,814,320","542,603","11.2","2.1","25,071,108","29,638,176"
"Colorado","44 - March 30 - April 11, 2022","349,010","95,088","8.9","2.3","3,913,974","4,512,373"
"Connecticut","44 - March 30 - April 11, 2022","217,227","58,088","9.4","2.5","2,311,718","2,788,488"
"Delaware","44 - March 30 - April 11, 2022","77,139","25,062","11.3","3.6","681,829","785,346"
"District of Columbia","44 - March 30 - April 11, 2022","64,820","15,727","14.1","3.5","458,556","490,791"
"Florida","44 - March 30 - April 11, 2022","2,072,131","432,553","14.6","3.0","14,199,644","17,352,741"
"Georgia","44 - March 30 - April 11, 2022","1,017,613","222,927","15.1","3.2","6,730,913","8,132,374"
"Hawaii","44 - March 30 - April 11, 2022","85,561","36,164","8.9","3.8","965,525","1,094,635"
"Idaho","44 - March 30 - April 11, 2022","140,170","37,688","10.9","2.9","1,280,530","1,455,895"
"Illinois","44 - March 30 - April 11, 2022","840,913","199,473","10.5","2.6","8,030,832","9,551,120"
"Indiana","44 - March 30 - April 11, 2022","411,413","92,827","10.0","2.1","4,108,264","5,083,179"
"Iowa","44 - March 30 - April 11, 2022","166,253","51,017","8.1","2.5","2,044,781","2,383,520"
"Kansas","44 - March 30 - April 11, 2022","198,022","45,875","10.8","2.5","1,832,281","2,170,473"
"Kentucky","44 - March 30 - April 11, 2022","351,489","93,984","12.8","3.2","2,755,089","3,391,961"
"Louisiana","44 - March 30 - April 11, 2022","501,200","147,230","19.1","5.1","2,625,269","3,424,716"
"Maine","44 - March 30 - April 11, 2022","83,753","37,198","8.5","3.7","982,511","1,101,707"
"Maryland","44 - March 30 - April 11, 2022","345,717","108,162","8.2","2.6","4,202,806","4,683,783"
"Massachusetts","44 - March 30 - April 11, 2022","384,354","72,326","8.5","1.6","4,510,133","5,379,211"
"Michigan","44 - March 30 - April 11, 2022","719,658","116,970","11.2","1.8","6,404,448","7,718,744"
"Minnesota","44 - March 30 - April 11, 2022","272,011","77,839","7.3","2.1","3,712,107","4,292,622"
"Mississippi","44 - March 30 - April 11, 2022","275,073","73,133","14.9","3.9","1,841,557","2,182,393"
"Missouri","44 - March 30 - April 11, 2022","499,265","130,205","12.4","3.3","4,023,047","4,663,878"
"Montana","44 - March 30 - April 11, 2022","92,988","26,933","11.8","3.4","786,275","864,638"
"Nebraska","44 - March 30 - April 11, 2022","108,125","21,449","8.9","1.7","1,213,802","1,444,043"
"Nevada","44 - March 30 - April 11, 2022","304,808","79,528","14.8","3.9","2,059,322","2,449,239"
"New Hampshire","44 - March 30 - April 11, 2022","93,728","34,769","9.4","3.4","992,250","1,110,006"
"New Jersey","44 - March 30 - April 11, 2022","437,962","133,556","7.6","2.4","5,753,909","7,091,865"
"New Mexico","44 - March 30 - April 11, 2022","214,018","56,537","16.0","4.1","1,337,527","1,614,032"
"New York","44 - March 30 - April 11, 2022","1,426,581","359,956","11.5","2.9","12,379,492","14,996,492"
"North Carolina","44 - March 30 - April 11, 2022","799,031","220,387","12.1","3.2","6,604,855","8,113,018"
"North Dakota","44 - March 30 - April 11, 2022","52,448","16,139","10.8","3.3","487,156","565,257"
"Ohio","44 - March 30 - April 11, 2022","747,618","216,959","9.5","2.7","7,852,714","8,912,298"
"Oklahoma","44 - March 30 - April 11, 2022","294,032","64,744","11.6","2.4","2,537,402","2,959,577"
"Oregon","44 - March 30 - April 11, 2022","232,251","64,017","8.0","2.1","2,903,971","3,326,922"
"Pennsylvania","44 - March 30 - April 11, 2022","950,562","218,455","11.5","2.6","8,253,850","9,920,164"
"Rhode Island","44 - March 30 - April 11, 2022","53,474","21,291","7.5","3.0","711,183","850,220"
"South Carolina","44 - March 30 - April 11, 2022","264,665","68,788","8.3","2.2","3,190,982","4,024,826"
"South Dakota","44 - March 30 - April 11, 2022","42,275","11,954","7.2","2.0","585,418","656,870"
"Tennessee","44 - March 30 - April 11, 2022","510,096","116,007","11.3","2.5","4,495,048","5,358,697"
"Texas","44 - March 30 - April 11, 2022","2,318,292","483,162","13.2","2.5","17,569,193","21,876,805"
"Utah","44 - March 30 - April 11, 2022","151,856","45,475","7.0","2.1","2,157,107","2,411,013"
"Vermont","44 - March 30 - April 11, 2022","48,157","16,449","10.6","3.6","453,244","508,959"
"Virginia","44 - March 30 - April 11, 2022","465,589","106,699","8.4","1.9","5,565,701","6,566,286"
"Washington","44 - March 30 - April 11, 2022","387,521","95,778","7.3","1.8","5,286,811","5,971,227"
"West Virginia","44 - March 30 - April 11, 2022","138,197","37,354","12.1","3.3","1,141,870","1,382,693"
"Wisconsin","44 - March 30 - April 11, 2022","338,449","87,073","8.7","2.2","3,899,175","4,514,873"
"Wyoming","44 - March 30 - April 11, 2022","29,485","10,225","8.3","2.8","356,463","437,949"
"Alabama","43 - March 2-14, 2022","317,001","66,193","10.0","2.1","3,184,521","3,834,458"
"Alaska","43 - March 2-14, 2022","44,844","11,431","9.4","2.3","477,239","531,333"
"Arizona","43 - March 2-14, 2022","443,452","83,241","9.2","1.7","4,815,289","5,637,881"
"Arkansas","43 - March 2-14, 2022","273,399","50,760","14.8","2.7","1,844,451","2,271,244"
"California","43 - March 2-14, 2022","2,693,507","377,149","11.1","1.5","24,340,373","29,638,176"
"Colorado","43 - March 2-14, 2022","247,932","77,341","6.3","1.9","3,955,872","4,512,373"
"Connecticut","43 - March 2-14, 2022","229,301","47,522","9.9","2.1","2,323,442","2,788,488"
"Delaware","43 - March 2-14, 2022","56,588","19,311","8.4","2.8","670,040","785,346"
"District of Columbia","43 - March 2-14, 2022","60,795","22,655","13.7","5.0","444,150","490,791"
"Florida","43 - March 2-14, 2022","2,055,642","381,523","14.6","2.5","14,058,494","17,352,741"
"Georgia","43 - March 2-14, 2022","802,872","157,024","11.7","2.3","6,860,000","8,132,374"
"Hawaii","43 - March 2-14, 2022","58,802","17,946","6.3","1.9","933,104","1,094,635"
"Idaho","43 - March 2-14, 2022","86,138","25,735","6.9","2.0","1,257,433","1,455,895"
"Illinois","43 - March 2-14, 2022","807,708","170,680","10.1","2.1","8,033,808","9,551,120"
"Indiana","43 - March 2-14, 2022","489,920","131,145","11.5","3.0","4,247,925","5,083,179"
"Iowa","43 - March 2-14, 2022","148,710","33,849","7.2","1.7","2,076,322","2,383,520"
"Kansas","43 - March 2-14, 2022","183,694","42,039","10.0","2.2","1,837,358","2,170,473"
"Kentucky","43 - March 2-14, 2022","314,767","71,377","10.9","2.4","2,888,029","3,391,961"
"Louisiana","43 - March 2-14, 2022","468,195","116,246","16.8","4.0","2,783,667","3,424,716"
"Maine","43 - March 2-14, 2022","79,602","25,710","8.1","2.6","981,706","1,101,707"
"Maryland","43 - March 2-14, 2022","296,318","88,591","7.5","2.2","3,962,702","4,683,783"
"Massachusetts","43 - March 2-14, 2022","375,327","68,968","8.2","1.5","4,554,956","5,379,211"
"Michigan","43 - March 2-14, 2022","542,819","116,102","8.4","1.7","6,486,442","7,718,744"
"Minnesota","43 - March 2-14, 2022","304,456","56,993","7.9","1.5","3,833,382","4,292,622"
"Mississippi","43 - March 2-14, 2022","305,326","75,874","18.1","4.2","1,683,208","2,182,393"
"Missouri","43 - March 2-14, 2022","428,896","101,809","10.7","2.5","3,994,847","4,663,878"
"Montana","43 - March 2-14, 2022","59,756","17,298","7.8","2.2","763,075","864,638"
"Nebraska","43 - March 2-14, 2022","149,031","32,058","11.9","2.6","1,254,406","1,444,043"
"Nevada","43 - March 2-14, 2022","291,950","55,593","14.4","2.7","2,026,972","2,449,239"
"New Hampshire","43 - March 2-14, 2022","55,355","15,479","5.8","1.6","960,057","1,110,006"
"New Jersey","43 - March 2-14, 2022","617,898","117,697","10.4","1.9","5,944,420","7,091,865"
"New Mexico","43 - March 2-14, 2022","167,551","30,061","12.5","2.2","1,342,274","1,614,032"
"New York","43 - March 2-14, 2022","1,340,393","319,453","11.0","2.6","12,182,042","14,996,492"
"North Carolina","43 - March 2-14, 2022","802,973","151,570","11.7","2.2","6,861,872","8,113,018"
"North Dakota","43 - March 2-14, 2022","35,467","9,767","7.4","2.1","479,660","565,257"
"Ohio","43 - March 2-14, 2022","633,531","149,635","8.3","1.9","7,675,120","8,912,298"
"Oklahoma","43 - March 2-14, 2022","371,396","113,979","14.6","4.4","2,544,934","2,959,577"
"Oregon","43 - March 2-14, 2022","234,003","46,523","8.0","1.5","2,927,803","3,326,922"
"Pennsylvania","43 - March 2-14, 2022","647,779","125,502","7.7","1.5","8,370,056","9,920,164"
"Rhode Island","43 - March 2-14, 2022","81,480","21,523","11.1","2.8","730,780","850,220"
"South Carolina","43 - March 2-14, 2022","297,670","90,252","8.9","2.7","3,353,552","4,024,826"
"South Dakota","43 - March 2-14, 2022","68,629","18,972","11.9","3.1","576,001","656,870"
"Tennessee","43 - March 2-14, 2022","457,065","97,691","10.3","2.1","4,434,990","5,358,697"
"Texas","43 - March 2-14, 2022","1,934,257","304,547","10.8","1.7","17,907,877","21,876,805"
"Utah","43 - March 2-14, 2022","120,955","30,720","5.7","1.4","2,111,981","2,411,013"
"Vermont","43 - March 2-14, 2022","32,539","9,584","7.2","2.1","449,868","508,959"
"Virginia","43 - March 2-14, 2022","377,543","93,231","6.8","1.7","5,515,361","6,566,286"
"Washington","43 - March 2-14, 2022","311,379","87,398","5.8","1.6","5,363,922","5,971,227"
"West Virginia","43 - March 2-14, 2022","141,000","34,274","12.3","2.8","1,147,417","1,382,693"
"Wisconsin","43 - March 2-14, 2022","361,738","84,427","9.4","2.2","3,837,167","4,514,873"
"Wyoming","43 - March 2-14, 2022","45,572","12,652","11.8","3.2","384,776","437,949"
"Alabama","42 - January 26 - February 7, 2022","341,953","86,425","10.5","2.5","3,263,197","3,737,637"
"Alaska","42 - January 26 - February 7, 2022","42,016","10,865","8.9","2.3","472,766","525,308"
"Arizona","42 - January 26 - February 7, 2022","498,908","103,135","10.0","2.0","4,982,290","5,753,909"
"Arkansas","42 - January 26 - February 7, 2022","354,902","75,043","18.0","3.7","1,974,117","2,264,877"
"California","42 - January 26 - February 7, 2022","2,819,572","424,748","10.9","1.6","25,983,785","29,807,656"
"Colorado","42 - January 26 - February 7, 2022","286,048","79,721","7.2","2.0","3,967,680","4,504,323"
"Connecticut","42 - January 26 - February 7, 2022","241,333","58,782","9.8","2.4","2,450,346","2,724,164"
"Delaware","42 - January 26 - February 7, 2022","70,336","18,983","10.0","2.7","703,498","767,878"
"District of Columbia","42 - January 26 - February 7, 2022","25,835","10,671","5.3","2.1","489,798","546,656"
"Florida","42 - January 26 - February 7, 2022","1,739,859","353,345","11.8","2.3","14,729,739","17,254,676"
"Georgia","42 - January 26 - February 7, 2022","689,008","157,065","10.1","2.3","6,851,085","8,033,423"
"Hawaii","42 - January 26 - February 7, 2022","107,756","37,379","11.1","3.9","967,544","1,065,941"
"Idaho","42 - January 26 - February 7, 2022","60,203","17,054","4.8","1.4","1,247,940","1,382,940"
"Illinois","42 - January 26 - February 7, 2022","611,267","178,300","7.3","2.1","8,382,234","9,479,736"
"Indiana","42 - January 26 - February 7, 2022","442,817","115,582","10.3","2.7","4,302,778","5,029,256"
"Iowa","42 - January 26 - February 7, 2022","181,223","44,391","8.7","2.1","2,076,318","2,349,714"
"Kansas","42 - January 26 - February 7, 2022","157,541","38,690","8.3","2.0","1,888,463","2,146,524"
"Kentucky","42 - January 26 - February 7, 2022","293,362","69,996","9.9","2.3","2,966,894","3,358,135"
"Louisiana","42 - January 26 - February 7, 2022","326,673","116,784","11.3","4.0","2,883,793","3,432,241"
"Maine","42 - January 26 - February 7, 2022","95,258","28,892","9.9","3.0","963,871","1,073,016"
"Maryland","42 - January 26 - February 7, 2022","373,359","80,901","9.5","2.0","3,936,788","4,585,752"
"Massachusetts","42 - January 26 - February 7, 2022","413,542","90,678","8.9","1.9","4,648,689","5,309,617"
"Michigan","42 - January 26 - February 7, 2022","749,826","106,393","11.2","1.6","6,693,170","7,631,231"
"Minnesota","42 - January 26 - February 7, 2022","218,587","70,339","5.7","1.8","3,835,345","4,250,165"
"Mississippi","42 - January 26 - February 7, 2022","287,691","60,627","16.0","3.4","1,797,145","2,186,321"
"Missouri","42 - January 26 - February 7, 2022","447,701","115,295","10.9","2.8","4,100,880","4,638,839"
"Montana","42 - January 26 - February 7, 2022","70,944","16,907","9.3","2.2","759,269","834,511"
"Nebraska","42 - January 26 - February 7, 2022","139,332","25,345","10.7","2.0","1,302,913","1,420,835"
"Nevada","42 - January 26 - February 7, 2022","279,392","72,365","12.6","3.3","2,224,017","2,450,986"
"New Hampshire","42 - January 26 - February 7, 2022","79,305","19,061","7.9","1.9","1,003,989","1,080,887"
"New Jersey","42 - January 26 - February 7, 2022","590,250","127,624","10.2","2.2","5,760,003","6,767,278"
"New Mexico","42 - January 26 - February 7, 2022","212,803","43,432","14.5","2.9","1,470,469","1,604,259"
"New York","42 - January 26 - February 7, 2022","1,356,610","330,258","10.7","2.6","12,677,991","14,714,964"
"North Carolina","42 - January 26 - February 7, 2022","776,214","178,786","10.6","2.4","7,339,928","8,121,448"
"North Dakota","42 - January 26 - February 7, 2022","44,674","11,962","8.9","2.4","504,227","560,525"
"Ohio","42 - January 26 - February 7, 2022","695,538","190,468","9.0","2.5","7,740,553","8,833,555"
"Oklahoma","42 - January 26 - February 7, 2022","325,133","76,742","12.3","2.9","2,650,879","2,941,764"
"Oregon","42 - January 26 - February 7, 2022","249,362","38,806","8.1","1.3","3,064,867","3,326,774"
"Pennsylvania","42 - January 26 - February 7, 2022","555,113","134,236","6.4","1.5","8,671,100","9,760,505"
"Rhode Island","42 - January 26 - February 7, 2022","70,500","20,972","9.7","2.9","729,618","815,717"
"South Carolina","42 - January 26 - February 7, 2022","458,938","102,622","13.1","2.8","3,510,050","4,033,193"
"South Dakota","42 - January 26 - February 7, 2022","36,605","13,672","6.5","2.5","562,829","648,348"
"Tennessee","42 - January 26 - February 7, 2022","586,322","125,773","12.5","2.6","4,674,715","5,279,261"
"Texas","42 - January 26 - February 7, 2022","2,095,071","378,982","11.5","2.0","18,157,278","21,688,354"
"Utah","42 - January 26 - February 7, 2022","115,091","25,337","5.5","1.2","2,089,605","2,324,002"
"Vermont","42 - January 26 - February 7, 2022","41,049","12,569","9.0","2.8","456,295","485,680"
"Virginia","42 - January 26 - February 7, 2022","567,833","134,979","10.0","2.4","5,696,613","6,511,643"
"Washington","42 - January 26 - February 7, 2022","348,617","64,793","6.4","1.2","5,430,486","5,950,326"
"West Virginia","42 - January 26 - February 7, 2022","136,215","38,534","11.1","3.1","1,226,217","1,377,441"
"Wisconsin","42 - January 26 - February 7, 2022","369,894","88,249","9.3","2.2","3,977,506","4,454,731"
"Wyoming","42 - January 26 - February 7, 2022","39,694","8,676","9.8","2.2","403,813","438,527"
" -> Metro Areas","","--","--","--","--","--","--"
"Atlanta-Sandy Springs-Alpharetta, GA Metro Area","52 - December 9-19, 2022","479,024","100,820","12.7","2.5","3,783,789","4,385,321"
"Boston-Cambridge-Newton, MA-NH Metro Area","52 - December 9-19, 2022","213,253","61,513","6.5","1.8","3,272,757","3,607,371"
"Chicago-Naperville-Elgin, IL-IN-WI Metro Area","52 - December 9-19, 2022","664,405","155,762","10.9","2.4","6,109,802","6,922,515"
"Dallas-Fort Worth-Arlington, TX Metro Area","52 - December 9-19, 2022","458,205","139,472","9.8","2.8","4,694,076","5,340,231"
"Detroit-Warren-Dearborn, MI Metro Area","52 - December 9-19, 2022","320,435","73,744","11.9","2.6","2,696,591","3,176,457"
"Houston-The Woodlands-Sugar Land, TX Metro Area","52 - December 9-19, 2022","647,099","216,646","13.5","4.1","4,789,692","5,337,579"
"Los Angeles-Long Beach-Anaheim, CA Metro Area","52 - December 9-19, 2022","989,068","277,485","10.7","2.9","9,260,491","10,289,970"
"Miami-Fort Lauderdale-Pompano Beach, FL Metro Area","52 - December 9-19, 2022","559,093","139,491","14.0","3.6","3,982,866","4,995,300"
"New York-Newark-Jersey City, NY-NJ-PA Metro Area","52 - December 9-19, 2022","1,414,310","233,738","11.8","1.9","12,036,518","14,310,811"
"Philadelphia-Camden-Wilmington, PA-NJ-DE-MD Metro Area","52 - December 9-19, 2022","406,149","104,307","10.0","2.4","4,081,892","4,585,696"
"Phoenix-Mesa-Chandler, AZ Metro Area","52 - December 9-19, 2022","396,584","123,123","12.1","3.6","3,275,189","3,695,858"
"Riverside-San Bernardino-Ontario, CA Metro Area","52 - December 9-19, 2022","458,360","137,043","13.2","3.5","3,475,160","4,073,322"
"San Francisco-Oakland-Berkeley, CA Metro Area","52 - December 9-19, 2022","162,722","54,204","6.0","1.9","2,702,180","2,970,063"
"Seattle-Tacoma-Bellevue, WA Metro Area","52 - December 9-19, 2022","294,848","95,356","10.2","3.2","2,903,298","3,126,585"
"Washington-Arlington-Alexandria, DC-VA-MD-WV Metro Area","52 - December 9-19, 2022","341,492","96,361","8.6","2.3","3,988,367","4,431,063"
"Atlanta-Sandy Springs-Alpharetta, GA Metro Area","51 - November 2-14, 2022","439,538","95,583","10.7","2.2","4,116,614","4,622,524"
"Boston-Cambridge-Newton, MA-NH Metro Area","51 - November 2-14, 2022","229,742","64,530","7.1","2.0","3,243,269","3,691,605"
"Chicago-Naperville-Elgin, IL-IN-WI Metro Area","51 - November 2-14, 2022","620,976","169,065","10.1","2.8","6,140,335","6,899,956"
"Dallas-Fort Worth-Arlington, TX Metro Area","51 - November 2-14, 2022","434,024","140,429","8.6","2.7","5,024,191","5,808,349"
"Detroit-Warren-Dearborn, MI Metro Area","51 - November 2-14, 2022","274,501","78,519","9.8","2.6","2,793,041","3,344,574"
"Houston-The Woodlands-Sugar Land, TX Metro Area","51 - November 2-14, 2022","611,313","247,361","13.5","4.9","4,533,933","5,428,527"
"Los Angeles-Long Beach-Anaheim, CA Metro Area","51 - November 2-14, 2022","1,125,559","350,173","12.6","3.7","8,936,380","10,105,395"
"Miami-Fort Lauderdale-Pompano Beach, FL Metro Area","51 - November 2-14, 2022","480,925","134,217","12.0","3.3","4,022,968","4,675,899"
"New York-Newark-Jersey City, NY-NJ-PA Metro Area","51 - November 2-14, 2022","1,575,344","358,627","12.6","2.7","12,459,924","14,419,449"
"Philadelphia-Camden-Wilmington, PA-NJ-DE-MD Metro Area","51 - November 2-14, 2022","336,917","105,079","8.2","2.6","4,097,589","4,611,577"
"Phoenix-Mesa-Chandler, AZ Metro Area","51 - November 2-14, 2022","340,761","88,794","9.9","2.4","3,433,420","3,802,054"
"Riverside-San Bernardino-Ontario, CA Metro Area","51 - November 2-14, 2022","336,592","124,134","9.2","3.3","3,650,035","4,273,794"
"San Francisco-Oakland-Berkeley, CA Metro Area","51 - November 2-14, 2022","212,811","99,592","7.1","3.1","2,991,740","3,324,877"
"Seattle-Tacoma-Bellevue, WA Metro Area","51 - November 2-14, 2022","196,748","44,523","6.9","1.6","2,847,703","3,018,587"
"Washington-Arlington-Alexandria, DC-VA-MD-WV Metro Area","51 - November 2-14, 2022","254,518","93,577","6.3","2.2","4,041,191","4,361,847"
"Atlanta-Sandy Springs-Alpharetta, GA Metro Area","50 - October 5-17, 2022","185,867","64,006","4.5","1.6","4,165,635","4,812,406"
"Boston-Cambridge-Newton, MA-NH Metro Area","50 - October 5-17, 2022","220,779","101,525","7.3","3.2","3,032,878","3,415,170"
"Chicago-Naperville-Elgin, IL-IN-WI Metro Area","50 - October 5-17, 2022","521,368","148,111","8.2","2.2","6,328,727","6,885,112"
"Dallas-Fort Worth-Arlington, TX Metro Area","50 - October 5-17, 2022","738,754","222,448","14.3","4.2","5,152,598","5,536,869"
"Detroit-Warren-Dearborn, MI Metro Area","50 - October 5-17, 2022","361,773","125,150","12.0","4.1","3,020,670","3,311,346"
"Houston-The Woodlands-Sugar Land, TX Metro Area","50 - October 5-17, 2022","719,312","215,544","15.7","4.3","4,591,312","5,406,256"
"Los Angeles-Long Beach-Anaheim, CA Metro Area","50 - October 5-17, 2022","1,287,837","458,964","13.3","4.5","9,654,747","11,225,404"
"Miami-Fort Lauderdale-Pompano Beach, FL Metro Area","50 - October 5-17, 2022","591,710","188,301","13.6","4.2","4,366,079","5,468,895"
"New York-Newark-Jersey City, NY-NJ-PA Metro Area","50 - October 5-17, 2022","1,641,037","375,548","13.6","3.0","12,039,791","13,585,271"
"Philadelphia-Camden-Wilmington, PA-NJ-DE-MD Metro Area","50 - October 5-17, 2022","510,230","144,955","11.8","3.1","4,329,646","4,877,052"
"Phoenix-Mesa-Chandler, AZ Metro Area","50 - October 5-17, 2022","487,252","149,977","14.0","4.1","3,487,283","3,821,425"
"Riverside-San Bernardino-Ontario, CA Metro Area","50 - October 5-17, 2022","650,312","172,571","18.0","4.1","3,607,511","4,039,126"
"San Francisco-Oakland-Berkeley, CA Metro Area","50 - October 5-17, 2022","173,340","101,908","6.5","3.4","2,685,489","3,006,508"
"Seattle-Tacoma-Bellevue, WA Metro Area","50 - October 5-17, 2022","334,825","114,777","11.2","3.6","2,983,779","3,235,307"
"Washington-Arlington-Alexandria, DC-VA-MD-WV Metro Area","50 - October 5-17, 2022","245,622","73,973","6.2","1.7","3,972,823","4,328,221"
"Atlanta-Sandy Springs-Alpharetta, GA Metro Area","49 - September 14-26, 2022","680,426","172,245","16.8","4.2","4,061,224","4,628,641"
"Boston-Cambridge-Newton, MA-NH Metro Area","49 - September 14-26, 2022","191,888","80,310","6.0","2.4","3,205,745","3,595,221"
"Chicago-Naperville-Elgin, IL-IN-WI Metro Area","49 - September 14-26, 2022","584,561","205,651","9.7","3.2","6,039,304","6,974,787"
"Dallas-Fort Worth-Arlington, TX Metro Area","49 - September 14-26, 2022","737,253","222,015","13.4","3.9","5,502,194","6,101,223"
"Detroit-Warren-Dearborn, MI Metro Area","49 - September 14-26, 2022","299,510","109,123","10.4","3.5","2,876,638","3,285,810"
"Houston-The Woodlands-Sugar Land, TX Metro Area","49 - September 14-26, 2022","876,975","289,447","18.3","5.7","4,779,628","5,614,434"
"Los Angeles-Long Beach-Anaheim, CA Metro Area","49 - September 14-26, 2022","1,107,824","349,947","12.2","3.8","9,087,287","10,352,404"
"Miami-Fort Lauderdale-Pompano Beach, FL Metro Area","49 - September 14-26, 2022","367,587","150,085","9.5","3.3","3,865,705","4,639,272"
"New York-Newark-Jersey City, NY-NJ-PA Metro Area","49 - September 14-26, 2022","1,326,677","349,037","11.2","2.7","11,863,359","13,947,266"
"Philadelphia-Camden-Wilmington, PA-NJ-DE-MD Metro Area","49 - September 14-26, 2022","407,060","135,110","10.0","3.0","4,053,551","4,606,478"
"Phoenix-Mesa-Chandler, AZ Metro Area","49 - September 14-26, 2022","621,613","178,359","17.3","4.7","3,585,237","3,881,711"
"Riverside-San Bernardino-Ontario, CA Metro Area","49 - September 14-26, 2022","416,943","116,158","12.6","3.3","3,314,464","4,118,127"
"San Francisco-Oakland-Berkeley, CA Metro Area","49 - September 14-26, 2022","363,004","120,527","12.3","3.4","2,953,469","3,318,378"
"Seattle-Tacoma-Bellevue, WA Metro Area","49 - September 14-26, 2022","213,083","58,825","7.7","2.0","2,752,896","2,964,455"
"Washington-Arlington-Alexandria, DC-VA-MD-WV Metro Area","49 - September 14-26, 2022","284,156","79,607","7.5","2.0","3,787,430","4,121,817"
"Atlanta-Sandy Springs-Alpharetta, GA Metro Area","48 - July 27 - August 8, 2022","320,479","97,438","8.6","2.5","3,705,107","4,449,093"
"Boston-Cambridge-Newton, MA-NH Metro Area","48 - July 27 - August 8, 2022","234,059","78,028","7.8","2.5","2,983,934","3,513,620"
"Chicago-Naperville-Elgin, IL-IN-WI Metro Area","48 - July 27 - August 8, 2022","669,547","172,067","11.4","2.9","5,862,956","7,006,777"
"Dallas-Fort Worth-Arlington, TX Metro Area","48 - July 27 - August 8, 2022","589,269","221,304","12.8","4.3","4,611,922","5,567,348"
"Detroit-Warren-Dearborn, MI Metro Area","48 - July 27 - August 8, 2022","362,598","101,783","12.7","3.5","2,862,733","3,435,182"
"Houston-The Woodlands-Sugar Land, TX Metro Area","48 - July 27 - August 8, 2022","503,609","146,793","11.9","3.3","4,243,824","5,035,515"
"Los Angeles-Long Beach-Anaheim, CA Metro Area","48 - July 27 - August 8, 2022","1,282,412","458,268","14.5","4.9","8,829,467","11,116,559"
"Miami-Fort Lauderdale-Pompano Beach, FL Metro Area","48 - July 27 - August 8, 2022","841,519","217,723","20.3","4.3","4,139,021","5,145,225"
"New York-Newark-Jersey City, NY-NJ-PA Metro Area","48 - July 27 - August 8, 2022","1,085,043","321,057","9.6","2.7","11,341,982","14,212,986"
"Philadelphia-Camden-Wilmington, PA-NJ-DE-MD Metro Area","48 - July 27 - August 8, 2022","394,199","138,109","10.3","3.5","3,834,913","4,457,324"
"Phoenix-Mesa-Chandler, AZ Metro Area","48 - July 27 - August 8, 2022","330,210","110,049","10.4","3.3","3,168,182","3,721,757"
"Riverside-San Bernardino-Ontario, CA Metro Area","48 - July 27 - August 8, 2022","497,862","144,832","15.3","3.9","3,258,051","4,147,821"
"San Francisco-Oakland-Berkeley, CA Metro Area","48 - July 27 - August 8, 2022","146,257","71,746","4.8","2.2","3,036,784","3,496,427"
"Seattle-Tacoma-Bellevue, WA Metro Area","48 - July 27 - August 8, 2022","224,430","72,963","8.4","2.6","2,676,050","3,083,525"
"Washington-Arlington-Alexandria, DC-VA-MD-WV Metro Area","48 - July 27 - August 8, 2022","270,132","93,435","7.3","2.4","3,675,760","4,297,747"
"Atlanta-Sandy Springs-Alpharetta, GA Metro Area","47 - June 29 - July 11, 2022","526,882","139,857","13.8","3.3","3,806,739","4,484,447"
"Boston-Cambridge-Newton, MA-NH Metro Area","47 - June 29 - July 11, 2022","243,560","80,182","8.0","2.5","3,046,994","3,725,832"
"Chicago-Naperville-Elgin, IL-IN-WI Metro Area","47 - June 29 - July 11, 2022","568,446","140,387","9.7","2.4","5,870,877","7,126,398"
"Dallas-Fort Worth-Arlington, TX Metro Area","47 - June 29 - July 11, 2022","650,826","183,468","14.2","3.8","4,575,133","5,627,715"
"Detroit-Warren-Dearborn, MI Metro Area","47 - June 29 - July 11, 2022","489,615","121,948","18.9","4.4","2,597,209","3,156,631"
"Houston-The Woodlands-Sugar Land, TX Metro Area","47 - June 29 - July 11, 2022","613,679","162,209","13.9","3.3","4,401,226","5,819,747"
"Los Angeles-Long Beach-Anaheim, CA Metro Area","47 - June 29 - July 11, 2022","1,446,508","395,983","16.5","4.1","8,792,384","10,487,471"
"Miami-Fort Lauderdale-Pompano Beach, FL Metro Area","47 - June 29 - July 11, 2022","706,797","212,621","17.5","4.9","4,041,523","4,960,524"
"New York-Newark-Jersey City, NY-NJ-PA Metro Area","47 - June 29 - July 11, 2022","1,451,693","340,374","13.6","2.9","10,641,351","14,130,905"
"Philadelphia-Camden-Wilmington, PA-NJ-DE-MD Metro Area","47 - June 29 - July 11, 2022","463,143","141,841","11.4","3.3","4,049,419","4,818,117"
"Phoenix-Mesa-Chandler, AZ Metro Area","47 - June 29 - July 11, 2022","217,971","70,182","7.0","2.2","3,121,592","3,878,862"
"Riverside-San Bernardino-Ontario, CA Metro Area","47 - June 29 - July 11, 2022","363,521","127,588","11.6","3.8","3,142,217","3,883,356"
"San Francisco-Oakland-Berkeley, CA Metro Area","47 - June 29 - July 11, 2022","241,325","136,434","8.9","4.6","2,708,080","3,131,812"
"Seattle-Tacoma-Bellevue, WA Metro Area","47 - June 29 - July 11, 2022","134,828","48,582","4.7","1.6","2,866,984","3,171,189"
"Washington-Arlington-Alexandria, DC-VA-MD-WV Metro Area","47 - June 29 - July 11, 2022","268,133","82,290","7.1","2.1","3,799,615","4,342,743"
"Atlanta-Sandy Springs-Alpharetta, GA Metro Area","46 - June 1-13, 2022","438,727","134,321","11.0","3.2","3,972,305","4,571,790"
"Boston-Cambridge-Newton, MA-NH Metro Area","46 - June 1-13, 2022","325,804","81,477","10.7","2.4","3,051,781","3,656,382"
"Chicago-Naperville-Elgin, IL-IN-WI Metro Area","46 - June 1-13, 2022","517,537","137,861","8.9","2.4","5,808,587","6,871,660"
"Dallas-Fort Worth-Arlington, TX Metro Area","46 - June 1-13, 2022","486,876","189,829","10.3","3.9","4,743,116","5,699,861"
"Detroit-Warren-Dearborn, MI Metro Area","46 - June 1-13, 2022","311,409","111,615","11.6","3.8","2,690,949","3,219,068"
"Houston-The Woodlands-Sugar Land, TX Metro Area","46 - June 1-13, 2022","592,296","188,384","14.2","4.1","4,184,188","5,197,582"
"Los Angeles-Long Beach-Anaheim, CA Metro Area","46 - June 1-13, 2022","1,056,297","307,288","12.4","3.4","8,494,029","9,957,198"
"Miami-Fort Lauderdale-Pompano Beach, FL Metro Area","46 - June 1-13, 2022","678,162","178,934","17.4","4.1","3,907,802","4,820,697"
"New York-Newark-Jersey City, NY-NJ-PA Metro Area","46 - June 1-13, 2022","1,249,343","305,307","11.2","2.6","11,134,464","13,857,195"
"Philadelphia-Camden-Wilmington, PA-NJ-DE-MD Metro Area","46 - June 1-13, 2022","371,518","73,607","8.7","1.7","4,250,937","5,034,909"
"Phoenix-Mesa-Chandler, AZ Metro Area","46 - June 1-13, 2022","245,929","71,824","8.4","2.4","2,944,257","3,549,114"
"Riverside-San Bernardino-Ontario, CA Metro Area","46 - June 1-13, 2022","471,802","145,115","12.8","3.8","3,696,641","4,394,817"
"San Francisco-Oakland-Berkeley, CA Metro Area","46 - June 1-13, 2022","222,724","102,573","6.9","3.2","3,219,321","3,690,823"
"Seattle-Tacoma-Bellevue, WA Metro Area","46 - June 1-13, 2022","178,644","66,902","6.5","2.3","2,766,446","3,108,848"
"Washington-Arlington-Alexandria, DC-VA-MD-WV Metro Area","46 - June 1-13, 2022","297,019","80,385","7.9","2.0","3,770,239","4,440,412"
"Atlanta-Sandy Springs-Alpharetta, GA Metro Area","45 - April 27 - May 9, 2022","447,013","122,255","11.9","3.1","3,764,908","4,478,375"
"Boston-Cambridge-Newton, MA-NH Metro Area","45 - April 27 - May 9, 2022","249,692","61,510","8.0","2.0","3,110,019","3,659,059"
"Chicago-Naperville-Elgin, IL-IN-WI Metro Area","45 - April 27 - May 9, 2022","674,375","193,665","11.1","3.1","6,093,471","7,129,594"
"Dallas-Fort Worth-Arlington, TX Metro Area","45 - April 27 - May 9, 2022","632,182","186,957","12.7","3.5","4,988,870","5,869,848"
"Detroit-Warren-Dearborn, MI Metro Area","45 - April 27 - May 9, 2022","281,476","77,213","10.6","2.8","2,665,983","3,262,433"
"Houston-The Woodlands-Sugar Land, TX Metro Area","45 - April 27 - May 9, 2022","604,185","276,976","12.3","5.3","4,898,964","5,776,301"
"Los Angeles-Long Beach-Anaheim, CA Metro Area","45 - April 27 - May 9, 2022","1,029,263","351,655","12.2","4.1","8,428,005","10,037,140"
"Miami-Fort Lauderdale-Pompano Beach, FL Metro Area","45 - April 27 - May 9, 2022","574,572","196,030","14.4","4.6","3,980,937","5,045,678"
"New York-Newark-Jersey City, NY-NJ-PA Metro Area","45 - April 27 - May 9, 2022","1,423,001","331,937","11.6","2.7","12,313,715","14,801,562"
"Philadelphia-Camden-Wilmington, PA-NJ-DE-MD Metro Area","45 - April 27 - May 9, 2022","403,703","115,997","9.8","2.7","4,115,586","4,859,525"
"Phoenix-Mesa-Chandler, AZ Metro Area","45 - April 27 - May 9, 2022","440,365","133,293","12.6","3.8","3,485,667","3,934,633"
"Riverside-San Bernardino-Ontario, CA Metro Area","45 - April 27 - May 9, 2022","460,469","175,648","14.4","4.7","3,187,928","3,803,657"
"San Francisco-Oakland-Berkeley, CA Metro Area","45 - April 27 - May 9, 2022","156,622","95,791","5.6","3.3","2,792,833","3,336,123"
"Seattle-Tacoma-Bellevue, WA Metro Area","45 - April 27 - May 9, 2022","151,297","50,082","5.4","1.8","2,784,127","3,186,429"
"Washington-Arlington-Alexandria, DC-VA-MD-WV Metro Area","45 - April 27 - May 9, 2022","347,623","70,841","8.8","1.8","3,931,435","4,421,276"
"Atlanta-Sandy Springs-Alpharetta, GA Metro Area","44 - March 30 - April 11, 2022","604,162","165,002","15.5","3.9","3,885,457","4,669,653"
"Boston-Cambridge-Newton, MA-NH Metro Area","44 - March 30 - April 11, 2022","184,875","50,128","6.2","1.6","2,995,042","3,555,599"
"Chicago-Naperville-Elgin, IL-IN-WI Metro Area","44 - March 30 - April 11, 2022","541,569","181,303","9.6","3.1","5,636,226","6,908,029"
"Dallas-Fort Worth-Arlington, TX Metro Area","44 - March 30 - April 11, 2022","398,288","152,892","8.8","3.2","4,540,477","5,504,086"
"Detroit-Warren-Dearborn, MI Metro Area","44 - March 30 - April 11, 2022","328,073","64,637","12.4","2.3","2,642,442","3,277,917"
"Houston-The Woodlands-Sugar Land, TX Metro Area","44 - March 30 - April 11, 2022","511,487","179,046","11.3","3.8","4,509,734","5,773,707"
"Los Angeles-Long Beach-Anaheim, CA Metro Area","44 - March 30 - April 11, 2022","957,975","343,046","11.1","3.6","8,615,398","10,039,361"
"Miami-Fort Lauderdale-Pompano Beach, FL Metro Area","44 - March 30 - April 11, 2022","510,601","148,943","14.5","3.9","3,529,659","4,351,707"
"New York-Newark-Jersey City, NY-NJ-PA Metro Area","44 - March 30 - April 11, 2022","1,274,765","334,515","10.7","2.8","11,889,181","14,670,208"
"Philadelphia-Camden-Wilmington, PA-NJ-DE-MD Metro Area","44 - March 30 - April 11, 2022","288,562","87,183","7.1","2.0","4,043,121","4,863,857"
"Phoenix-Mesa-Chandler, AZ Metro Area","44 - March 30 - April 11, 2022","339,050","94,158","10.4","2.7","3,251,915","3,774,956"
"Riverside-San Bernardino-Ontario, CA Metro Area","44 - March 30 - April 11, 2022","604,825","227,066","19.6","5.4","3,091,907","3,770,923"
"San Francisco-Oakland-Berkeley, CA Metro Area","44 - March 30 - April 11, 2022","305,017","123,632","9.9","3.6","3,065,520","3,450,055"
"Seattle-Tacoma-Bellevue, WA Metro Area","44 - March 30 - April 11, 2022","258,103","83,135","8.9","2.8","2,893,550","3,171,302"
"Washington-Arlington-Alexandria, DC-VA-MD-WV Metro Area","44 - March 30 - April 11, 2022","320,658","76,312","7.9","1.9","4,040,798","4,538,666"
"Atlanta-Sandy Springs-Alpharetta, GA Metro Area","43 - March 2-14, 2022","359,376","83,989","9.6","2.3","3,745,653","4,334,813"
"Boston-Cambridge-Newton, MA-NH Metro Area","43 - March 2-14, 2022","213,231","49,041","7.0","1.6","3,036,627","3,633,102"
"Chicago-Naperville-Elgin, IL-IN-WI Metro Area","43 - March 2-14, 2022","544,753","144,510","9.3","2.4","5,845,153","7,231,976"
"Dallas-Fort Worth-Arlington, TX Metro Area","43 - March 2-14, 2022","478,744","128,800","10.4","2.6","4,619,550","5,672,328"
"Detroit-Warren-Dearborn, MI Metro Area","43 - March 2-14, 2022","293,445","75,243","10.2","2.5","2,882,228","3,541,889"
"Houston-The Woodlands-Sugar Land, TX Metro Area","43 - March 2-14, 2022","501,813","131,571","11.1","2.5","4,503,351","5,580,905"
"Los Angeles-Long Beach-Anaheim, CA Metro Area","43 - March 2-14, 2022","886,017","226,402","10.3","2.5","8,592,231","10,487,109"
"Miami-Fort Lauderdale-Pompano Beach, FL Metro Area","43 - March 2-14, 2022","655,143","177,990","17.0","4.3","3,853,724","4,840,843"
"New York-Newark-Jersey City, NY-NJ-PA Metro Area","43 - March 2-14, 2022","1,257,610","280,319","11.2","2.4","11,245,777","13,713,245"
"Philadelphia-Camden-Wilmington, PA-NJ-DE-MD Metro Area","43 - March 2-14, 2022","364,550","76,687","8.5","1.7","4,272,911","5,006,964"
"Phoenix-Mesa-Chandler, AZ Metro Area","43 - March 2-14, 2022","310,553","68,208","9.5","2.1","3,252,360","3,817,075"
"Riverside-San Bernardino-Ontario, CA Metro Area","43 - March 2-14, 2022","480,399","112,881","15.1","3.1","3,184,176","3,972,907"
"San Francisco-Oakland-Berkeley, CA Metro Area","43 - March 2-14, 2022","193,214","56,677","6.7","2.0","2,898,977","3,345,163"
"Seattle-Tacoma-Bellevue, WA Metro Area","43 - March 2-14, 2022","156,089","39,237","5.5","1.4","2,826,430","3,098,014"
"Washington-Arlington-Alexandria, DC-VA-MD-WV Metro Area","43 - March 2-14, 2022","308,912","94,226","7.9","2.3","3,913,099","4,436,583"
"Atlanta-Sandy Springs-Alpharetta, GA Metro Area","42 - January 26 - February 7, 2022","330,094","87,812","8.9","2.4","3,703,193","4,271,200"
"Boston-Cambridge-Newton, MA-NH Metro Area","42 - January 26 - February 7, 2022","291,221","68,872","9.1","2.0","3,197,413","3,636,064"
"Chicago-Naperville-Elgin, IL-IN-WI Metro Area","42 - January 26 - February 7, 2022","483,793","142,422","8.1","2.3","5,959,502","6,814,189"
"Dallas-Fort Worth-Arlington, TX Metro Area","42 - January 26 - February 7, 2022","333,498","103,151","7.0","2.0","4,792,378","5,999,193"
"Detroit-Warren-Dearborn, MI Metro Area","42 - January 26 - February 7, 2022","379,018","79,251","13.5","2.6","2,812,512","3,318,746"
"Houston-The Woodlands-Sugar Land, TX Metro Area","42 - January 26 - February 7, 2022","784,102","197,620","16.3","3.7","4,814,463","5,623,351"
"Los Angeles-Long Beach-Anaheim, CA Metro Area","42 - January 26 - February 7, 2022","1,146,532","291,705","12.0","2.9","9,565,901","10,955,977"
"Miami-Fort Lauderdale-Pompano Beach, FL Metro Area","42 - January 26 - February 7, 2022","497,035","144,710","11.8","3.2","4,198,312","4,985,105"
"New York-Newark-Jersey City, NY-NJ-PA Metro Area","42 - January 26 - February 7, 2022","1,252,809","269,432","10.6","2.3","11,766,325","13,843,496"
"Philadelphia-Camden-Wilmington, PA-NJ-DE-MD Metro Area","42 - January 26 - February 7, 2022","365,359","89,649","9.0","1.9","4,075,710","4,677,625"
"Phoenix-Mesa-Chandler, AZ Metro Area","42 - January 26 - February 7, 2022","316,602","75,250","9.4","2.1","3,373,817","3,925,318"
"Riverside-San Bernardino-Ontario, CA Metro Area","42 - January 26 - February 7, 2022","362,931","155,608","11.5","4.3","3,160,894","3,882,109"
"San Francisco-Oakland-Berkeley, CA Metro Area","42 - January 26 - February 7, 2022","224,278","50,517","8.1","1.8","2,762,275","3,132,281"
"Seattle-Tacoma-Bellevue, WA Metro Area","42 - January 26 - February 7, 2022","136,294","30,285","4.8","1.0","2,838,743","3,076,992"
"Washington-Arlington-Alexandria, DC-VA-MD-WV Metro Area","42 - January 26 - February 7, 2022","315,632","75,589","8.2","1.8","3,849,217","4,269,944"
"Source: U.S. Census Bureau, Household Pulse Survey","","","","","","",""